{"description":"The model fact user asset type to capture user defined attributes.","fields":[{"key":"prompt_freeform","type":"string","facet":false,"is_array":true,"search_path":"prompt_freeform","is_searchable_across_types":false},{"key":"test_data_file","type":"string","facet":false,"is_array":false,"search_path":"test_data_file","is_searchable_across_types":false}],"relationships":[],"properties":{"prompt_freeform":{"type":"string","description":"Prompt string","placeholder":"Prompt string","is_array":true,"required":true,"hidden":false,"readonly":true,"validated":false,"displayInChild":false,"restricted":false,"default_value":0,"minimum":"","maximum":"","label":{"default":"Prompt string","en":"Prompt string"}},"test_data_file":{"type":"string","description":"File name","placeholder":"File name","is_array":false,"required":true,"hidden":false,"readonly":true,"validated":false,"displayInChild":false,"restricted":false,"default_value":0,"minimum":"","maximum":"","label":{"default":"Test data file","en":"Test data file"}},"test_data_size":{"type":"integer","description":"Nbr of records in test data","placeholder":"Nbr of records in test data","is_array":true,"required":true,"hidden":false,"readonly":true,"validated":false,"displayInChild":false,"restricted":false,"default_value":0,"minimum":"","maximum":"","label":{"default":"Number of records in test data","en":"Number of records in test data"}}},"localized_metadata_attributes":{"name":{"default":"Additional details","en":"Additional details"}},"global_search_searchable":["prompt_freeform","test_data_file"],"attribute_only":false,"is_column_custom_attribute":false,"can_have_image":false,"version":2,"name":"modelfacts_user","scope":"ACCOUNT","allow_decorators":true}