{"description":"The model fact user asset type to capture user defined attributes.","fields":[{"key":"model_scope","type":"string","facet":false,"is_array":false,"search_path":"model_scope","is_searchable_across_types":false},{"key":"model_purpose","type":"string","facet":false,"is_array":false,"search_path":"model_purpose","is_searchable_across_types":false},{"key":"model_use","type":"string","facet":false,"is_array":true,"search_path":"model_use","is_searchable_across_types":false},{"key":"model_sponsor","type":"string","facet":false,"is_array":false,"search_path":"model_sponsor","is_searchable_across_types":false}],"relationships":[],"properties":{"model_scope":{"type":"string","description":"Model Scope","placeholder":"Model Scope","is_array":false,"required":true,"hidden":false,"readonly":false,"validated":false,"displayInChild":false,"restricted":false,"default_value":"","minimum":"","maximum":"","min_length":2,"max_length":1000,"label":{"default":"Model Scope","en":"Model Scope"}},"model_purpose":{"type":"string","description":"Model Purpose","placeholder":"Model Purpose","is_array":false,"required":true,"hidden":false,"readonly":false,"validated":false,"displayInChild":false,"restricted":false,"default_value":"","minimum":"","maximum":"","min_length":5,"max_length":1000,"label":{"default":"Model Purpose","en":"Model Purpose"}},"model_use":{"type":"string","description":"Model Use","placeholder":"Model Use","is_array":true,"required":true,"hidden":false,"readonly":false,"validated":false,"displayInChild":false,"restricted":false,"default_value":"","minimum":"","maximum":"","min_length":5,"max_length":500,"label":{"default":"Model Use","en":"Model Use"}},"model_sponsor":{"type":"string","description":"Model Sponsor","placeholder":"Model Sponsor","is_array":false,"required":true,"hidden":false,"readonly":false,"validated":false,"displayInChild":false,"restricted":false,"default_value":"","minimum":"","maximum":"","min_length":5,"max_length":200,"label":{"default":"Model Sponsor","en":"Model Sponsor"}}},"localized_metadata_attributes":{"name":{"default":"Custom Model Details Title","en":"Custom Model Details Title"}},"decorates":[{"asset_type_name":"model_entry"}],"global_search_searchable":["model_scope","model_purpose","model_use","model_sponsor"],"attribute_only":false,"is_column_custom_attribute":false,"can_have_image":false,"version":2,"name":"model_entry_user","scope":"ACCOUNT","allow_decorators":true}