{"description":"The model fact user asset type to capture user defined attributes.","fields":[{"key":"TrainingData_Size","type":"integer","facet":false,"is_array":false,"search_path":"TrainingData_Size","is_searchable_across_types":false},{"key":"TrainingData_Ratio","type":"string","facet":false,"is_array":false,"search_path":"TrainingData_Ratio","is_searchable_across_types":false},{"key":"TestData_Ratio","type":"string","facet":false,"is_array":false,"search_path":"TestData_Ratio","is_searchable_across_types":false}],"relationships":[],"properties":{"TrainingData_Size":{"type":"integer","description":"Number of records in the training data","placeholder":"desc of userattrstr","is_array":false,"required":true,"hidden":false,"readonly":false,"validated":false,"displayInChild":false,"restricted":false,"default_value":0,"minimum":"","maximum":"","label":{"default":"TrainingData_Size","en":"TrainingData_Size"}},"TrainingData_Ratio":{"type":"string","description":"Percentage of records in the training data","placeholder":"Percentage of records in the training data","is_array":false,"required":true,"hidden":false,"readonly":false,"validated":false,"displayInChild":false,"restricted":false,"default_value":0,"minimum":"","maximum":"","label":{"default":"TrainingData_Ratio","en":"TrainingData_Ratio"}},"TestData_Size":{"type":"integer","description":"desc of userattrint","placeholder":"desc of userattrint","is_array":false,"required":true,"hidden":false,"readonly":false,"validated":false,"displayInChild":false,"restricted":false,"default_value":0,"minimum":"","maximum":"","label":{"default":"TestData_Size","en":"TestData_Size"}},"TestData_Ratio":{"type":"string","description":"Percentage of records in the test data","placeholder":"Percentage of records in the test data","is_array":false,"required":true,"hidden":false,"readonly":false,"validated":false,"displayInChild":false,"restricted":false,"default_value":0,"minimum":"","maximum":"","label":{"default":"TestData_Ratio","en":"TestData_Ratio"}},"Train_Class_Distributions":{"type":"string","description":"class distributions","placeholder":"class distributions","is_array":true,"required":true,"hidden":false,"readonly":false,"validated":false,"displayInChild":false,"restricted":false,"default_value":0,"minimum":"","maximum":"","label":{"default":"Train_Class_Distributions","en":"Train_Class_Distributions"}}},"localized_metadata_attributes":{"name":{"default":"Additional details","en":"Additional details"}},"global_search_searchable":["TrainingData_Size","TrainingData_Ratio","TestData_Ratio"],"attribute_only":false,"is_column_custom_attribute":false,"can_have_image":false,"version":3,"name":"modelfacts_user","scope":"ACCOUNT","allow_decorators":true}