{"description":"Model definition asset type","fields":[{"key":"software_spec.id","type":"string","facet":false,"is_array":false,"search_path":"software_spec.id","is_searchable_across_types":false},{"key":"software_spec.base_id","type":"string","facet":false,"is_array":false,"search_path":"software_spec.base_id","is_searchable_across_types":false}],"relationships":[],"properties":{"command":{"type":"string","description":"command for the model_definition","placeholder":"Put a value here","is_array":false,"required":false,"hidden":false,"readonly":false,"validated":false,"displayInChild":false,"restricted":false,"min_length":0,"max_length":1000,"label":{"de":"Befehl","default":"Command","en":"Command","es":"Mandato","fr":"Commande","it":"Comando","ja":"コマンド","ko":"명령","pt-BR":"Comando","sv":"Kommando","zh-Hans":"命令","zh-Hant":"指令"}},"custom":{"type":"object","description":"caller defined properties","placeholder":"Put a value here","is_array":false,"required":false,"hidden":false,"readonly":false,"validated":false,"displayInChild":false,"restricted":false,"properties":{"{user-defined-property}":{"description":"custom property","placeholder":"Put a value here","is_array":false,"required":false,"hidden":false,"readonly":false,"validated":false,"displayInChild":false,"restricted":false}}},"ml_version":{"type":"string","description":"Internal version of the ml asset type","placeholder":"Put a value here","is_array":false,"required":true,"hidden":true,"readonly":true,"validated":false,"displayInChild":false,"restricted":false,"default_value":"4.0.5"},"platform":{"type":"object","description":"platform of the model_definition","placeholder":"Put a value here","is_array":false,"required":true,"hidden":false,"readonly":false,"validated":false,"displayInChild":false,"restricted":false,"properties":{"name":{"type":"string","description":"name","placeholder":"Put a value here","is_array":false,"required":true,"hidden":false,"readonly":false,"validated":false,"displayInChild":false,"restricted":false},"versions":{"type":"string","description":"versions","placeholder":"Put a value here","is_array":true,"required":true,"hidden":false,"readonly":false,"validated":false,"displayInChild":false,"restricted":false}}},"software_spec":{"type":"object","description":"software_spec of the model definition","placeholder":"Put a value here","is_array":false,"required":false,"hidden":false,"readonly":false,"validated":false,"displayInChild":false,"restricted":false,"properties":{"name":{"type":"string","description":"software_spec name","placeholder":"Put a value here","is_array":false,"required":false,"hidden":false,"readonly":false,"validated":false,"displayInChild":false,"restricted":false},"rev":{"type":"string","description":"software_spec rev","placeholder":"Put a value here","is_array":false,"required":false,"hidden":false,"readonly":false,"validated":false,"displayInChild":false,"restricted":false},"id":{"type":"string","description":"software_spec id","placeholder":"Put a value here","is_array":false,"required":false,"hidden":false,"readonly":false,"validated":false,"displayInChild":false,"restricted":false},"base_id":{"type":"string","description":"base software_spec id","placeholder":"Put a value here","is_array":false,"required":false,"hidden":true,"readonly":false,"validated":false,"displayInChild":false,"restricted":false}}},"version":{"type":"string","description":"package version","placeholder":"Put a value here","is_array":false,"required":true,"hidden":false,"readonly":false,"validated":false,"displayInChild":false,"restricted":false,"default_value":"1.0","min_length":0,"max_length":100,"label":{"de":"Version","default":"Version","en":"Version","es":"Versión","fr":"Version","it":"Versione","ja":"バージョン","ko":"버전","pt-BR":"Versão","sv":"Version","zh-Hans":"版本","zh-Hant":"版本"}}},"localized_metadata_attributes":{"name":{"de":"Modelldefinition","default":"Model Definition","en":"Model Definition","es":"Definición de modelo","fr":"Définition de modèle","it":"Definizione del modello","ja":"モデル定義","ko":"모델 정의","pt-BR":"Definição de modelo","sv":"Modelldefinition","zh-Hans":"模型定义","zh-Hant":"模型定義"}},"global_search_searchable":[],"attribute_only":false,"is_column_custom_attribute":false,"can_have_image":false,"version":2,"name":"wml_model_definition","scope":"GLOBAL","allow_decorators":true}