{"description":"Experiment asset type","fields":[{"key":"pipeline_dependencies","type":"string","facet":false,"is_array":true,"search_path":"pipeline_dependencies","is_searchable_across_types":false},{"key":"model_definition_dependencies","type":"string","facet":false,"is_array":true,"search_path":"model_definition_dependencies","is_searchable_across_types":false},{"key":"software_spec_dependencies","type":"string","facet":false,"is_array":true,"search_path":"software_spec_dependencies","is_searchable_across_types":false},{"key":"hardware_spec_dependencies","type":"string","facet":false,"is_array":true,"search_path":"hardware_spec_dependencies","is_searchable_across_types":false}],"relationships":[{"key":"pipeline_dependencies","target_asset_type":"wml_pipeline","on_delete_target":"IGNORE","on_delete":"IGNORE","on_clone_target":"IGNORE","on_clone":"IGNORE","on_promote":"IGNORE","on_publish":"IGNORE"},{"key":"model_definition_dependencies","target_asset_type":"wml_model_definition","on_delete_target":"IGNORE","on_delete":"IGNORE","on_clone_target":"IGNORE","on_clone":"IGNORE","on_promote":"IGNORE","on_publish":"IGNORE"}],"properties":{"custom":{"type":"object","description":"caller defined properties","placeholder":"Put a value here","is_array":false,"required":false,"hidden":false,"readonly":false,"validated":false,"displayInChild":false,"restricted":false,"properties":{"{user-defined-property}":{"description":"custom property","placeholder":"Put a value here","is_array":false,"required":false,"hidden":false,"readonly":false,"validated":false,"displayInChild":false,"restricted":false}}},"evaluation_definition":{"type":"object","description":"evaluation definition of the experiment","placeholder":"Put a value here","is_array":false,"required":false,"hidden":false,"readonly":false,"validated":false,"displayInChild":false,"restricted":false,"properties":{"method":{"type":"string","description":"method type","placeholder":"Put a value here","is_array":false,"required":false,"hidden":false,"readonly":false,"validated":false,"displayInChild":false,"restricted":false,"values":["binary","regression","multiclass"]},"metrics":{"type":"object","description":"evaluation metrics","placeholder":"Put a value here","is_array":true,"required":true,"hidden":false,"readonly":false,"validated":false,"displayInChild":false,"restricted":false,"properties":{"maximize":{"type":"bool","description":"evaluation metrics","placeholder":"Put a value here","is_array":false,"required":false,"hidden":false,"readonly":false,"validated":false,"displayInChild":false,"restricted":false},"name":{"type":"string","description":"metrics name","placeholder":"Put a value here","is_array":false,"required":true,"hidden":false,"readonly":false,"validated":false,"displayInChild":false,"restricted":false}}}}},"hardware_spec_dependencies":{"type":"string","description":"list of dependent hardware_spec ids for the experiment","placeholder":"Put a value here","is_array":true,"required":false,"hidden":true,"readonly":false,"validated":false,"displayInChild":false,"restricted":false},"label_column":{"type":"string","description":"label","placeholder":"Put a value here","is_array":false,"required":false,"hidden":false,"readonly":false,"validated":false,"displayInChild":false,"restricted":false,"min_length":0,"max_length":100,"label":{"de":"Beschriftungsspalte","default":"Label Column","en":"Label Column","es":"Columna de etiqueta","fr":"Colonne de libellé","it":"Colonna etichetta","ja":"ラベル列","ko":"레이블 열","pt-BR":"Coluna Rótulo","sv":"Etikettkolumn","zh-Hans":"标签列","zh-Hant":"標籤直欄"}},"ml_version":{"type":"string","description":"Internal version of the ml asset type","placeholder":"Put a value here","is_array":false,"required":true,"hidden":true,"readonly":true,"validated":false,"displayInChild":false,"restricted":false,"default_value":"4.0.5"},"model_definition_dependencies":{"type":"string","description":"list of dependent model_definition ids for the experiment","placeholder":"Put a value here","is_array":true,"required":false,"hidden":true,"readonly":false,"validated":false,"displayInChild":false,"restricted":false},"pipeline_dependencies":{"type":"string","description":"list of dependent pipeline ids for the experiment","placeholder":"Put a value here","is_array":true,"required":false,"hidden":true,"readonly":false,"validated":false,"displayInChild":false,"restricted":false},"software_spec_dependencies":{"type":"string","description":"list of dependent software_spec ids for the experiment","placeholder":"Put a value here","is_array":true,"required":false,"hidden":true,"readonly":false,"validated":false,"displayInChild":false,"restricted":false},"training_references":{"type":"object","description":"training_references of the experiment","placeholder":"Put a value here","is_array":true,"required":false,"hidden":false,"readonly":false,"validated":false,"displayInChild":false,"restricted":false,"properties":{"pipeline":{"type":"object","description":"pipeline","placeholder":"Put a value here","is_array":false,"required":false,"hidden":false,"readonly":false,"validated":false,"displayInChild":false,"restricted":false,"properties":{"nodes_parameters":{"type":"object","description":"nodes_parameters","placeholder":"Put a value here","is_array":true,"required":false,"hidden":false,"readonly":false,"validated":false,"displayInChild":false,"restricted":false,"properties":{"parameters":{"type":"object","description":"caller defined properties","placeholder":"Put a value here","is_array":false,"required":true,"hidden":false,"readonly":false,"validated":false,"displayInChild":false,"restricted":false,"properties":{"{user-defined-property}":{"description":"custom property","placeholder":"Put a value here","is_array":false,"required":false,"hidden":false,"readonly":false,"validated":false,"displayInChild":false,"restricted":false}}},"node_id":{"type":"string","description":"data_reference_name","placeholder":"Put a value here","is_array":false,"required":true,"hidden":false,"readonly":false,"validated":false,"displayInChild":false,"restricted":false}}},"data_bindings":{"type":"object","description":"data_bindings","placeholder":"Put a value here","is_array":true,"required":false,"hidden":false,"readonly":false,"validated":false,"displayInChild":false,"restricted":false,"properties":{"data_reference_name":{"type":"string","description":"data_reference_name","placeholder":"Put a value here","is_array":false,"required":true,"hidden":false,"readonly":false,"validated":false,"displayInChild":false,"restricted":false},"node_id":{"type":"string","description":"node_id","placeholder":"Put a value here","is_array":false,"required":true,"hidden":false,"readonly":false,"validated":false,"displayInChild":false,"restricted":false}}},"rev":{"type":"string","description":"pipeline rev","placeholder":"Put a value here","is_array":false,"required":false,"hidden":false,"readonly":false,"validated":false,"displayInChild":false,"restricted":false},"hybrid_pipeline_hardware_specs":{"type":"object","description":"hybrid_pipeline_hardware_specs","placeholder":"Put a value here","is_array":true,"required":false,"hidden":false,"readonly":false,"validated":false,"displayInChild":false,"restricted":false,"properties":{"hardware_spec":{"type":"object","description":"hardware_spec","placeholder":"Put a value here","is_array":false,"required":true,"hidden":false,"readonly":false,"validated":false,"displayInChild":false,"restricted":false,"properties":{"name":{"type":"string","description":"hardware_spec name","placeholder":"Put a value here","is_array":false,"required":false,"hidden":false,"readonly":false,"validated":false,"displayInChild":false,"restricted":false},"rev":{"type":"string","description":"hardware_spec rev","placeholder":"Put a value here","is_array":false,"required":false,"hidden":false,"readonly":false,"validated":false,"displayInChild":false,"restricted":false},"id":{"type":"string","description":"hardware_spec id","placeholder":"Put a value here","is_array":false,"required":false,"hidden":false,"readonly":false,"validated":false,"displayInChild":false,"restricted":false},"base_id":{"type":"string","description":"base hardware_spec id","placeholder":"Put a value here","is_array":false,"required":false,"hidden":true,"readonly":false,"validated":false,"displayInChild":false,"restricted":false},"num_nodes":{"type":"number","description":"number of nodes","placeholder":"Put a value here","is_array":false,"required":false,"hidden":false,"readonly":false,"validated":false,"displayInChild":false,"restricted":false}}},"node_runtime_id":{"type":"string","description":"runtime id of node","placeholder":"Put a value here","is_array":false,"required":true,"hidden":false,"readonly":false,"validated":false,"displayInChild":false,"restricted":false}}},"hardware_spec":{"type":"object","description":"hardware_spec","placeholder":"Put a value here","is_array":false,"required":false,"hidden":false,"readonly":false,"validated":false,"displayInChild":false,"restricted":false,"properties":{"name":{"type":"string","description":"hardware_spec name","placeholder":"Put a value here","is_array":false,"required":false,"hidden":false,"readonly":false,"validated":false,"displayInChild":false,"restricted":false},"rev":{"type":"string","description":"hardware_spec rev","placeholder":"Put a value here","is_array":false,"required":false,"hidden":false,"readonly":false,"validated":false,"displayInChild":false,"restricted":false},"id":{"type":"string","description":"hardware_spec id","placeholder":"Put a value here","is_array":false,"required":false,"hidden":false,"readonly":false,"validated":false,"displayInChild":false,"restricted":false},"base_id":{"type":"string","description":"base hardware_spec id","placeholder":"Put a value here","is_array":false,"required":false,"hidden":true,"readonly":false,"validated":false,"displayInChild":false,"restricted":false},"num_nodes":{"type":"number","description":"number of nodes","placeholder":"Put a value here","is_array":false,"required":false,"hidden":false,"readonly":false,"validated":false,"displayInChild":false,"restricted":false}}},"model_type":{"type":"string","description":"model_type","placeholder":"Put a value here","is_array":false,"required":false,"hidden":false,"readonly":false,"validated":false,"displayInChild":false,"restricted":false},"id":{"type":"string","description":"pipeline id","placeholder":"Put a value here","is_array":false,"required":true,"hidden":false,"readonly":false,"validated":false,"displayInChild":false,"restricted":false}}},"model_definition":{"type":"object","description":"model_definition","placeholder":"Put a value here","is_array":false,"required":false,"hidden":false,"readonly":false,"validated":false,"displayInChild":false,"restricted":false,"properties":{"rev":{"type":"string","description":"model_definition rev","placeholder":"Put a value here","is_array":false,"required":false,"hidden":false,"readonly":false,"validated":false,"displayInChild":false,"restricted":false},"hardware_spec":{"type":"object","description":"hardware_spec","placeholder":"Put a value here","is_array":false,"required":false,"hidden":false,"readonly":false,"validated":false,"displayInChild":false,"restricted":false,"properties":{"name":{"type":"string","description":"hardware_spec name","placeholder":"Put a value here","is_array":false,"required":false,"hidden":false,"readonly":false,"validated":false,"displayInChild":false,"restricted":false},"rev":{"type":"string","description":"hardware_spec rev","placeholder":"Put a value here","is_array":false,"required":false,"hidden":false,"readonly":false,"validated":false,"displayInChild":false,"restricted":false},"id":{"type":"string","description":"hardware_spec id","placeholder":"Put a value here","is_array":false,"required":false,"hidden":false,"readonly":false,"validated":false,"displayInChild":false,"restricted":false},"base_id":{"type":"string","description":"base hardware_spec id","placeholder":"Put a value here","is_array":false,"required":false,"hidden":true,"readonly":false,"validated":false,"displayInChild":false,"restricted":false},"num_nodes":{"type":"number","description":"number of nodes","placeholder":"Put a value here","is_array":false,"required":false,"hidden":false,"readonly":false,"validated":false,"displayInChild":false,"restricted":false}}},"model_type":{"type":"string","description":"model_type","placeholder":"Put a value here","is_array":false,"required":false,"hidden":false,"readonly":false,"validated":false,"displayInChild":false,"restricted":false},"software_spec":{"type":"object","description":"software_spec of the function","placeholder":"Put a value here","is_array":false,"required":false,"hidden":false,"readonly":false,"validated":false,"displayInChild":false,"restricted":false,"properties":{"name":{"type":"string","description":"software_spec name","placeholder":"Put a value here","is_array":false,"required":false,"hidden":false,"readonly":false,"validated":false,"displayInChild":false,"restricted":false},"rev":{"type":"string","description":"software_spec rev","placeholder":"Put a value here","is_array":false,"required":false,"hidden":false,"readonly":false,"validated":false,"displayInChild":false,"restricted":false},"id":{"type":"string","description":"software_spec id","placeholder":"Put a value here","is_array":false,"required":false,"hidden":false,"readonly":false,"validated":false,"displayInChild":false,"restricted":false},"base_id":{"type":"string","description":"base software_spec id","placeholder":"Put a value here","is_array":false,"required":false,"hidden":true,"readonly":false,"validated":false,"displayInChild":false,"restricted":false}}},"id":{"type":"string","description":"model_definition id","placeholder":"Put a value here","is_array":false,"required":true,"hidden":false,"readonly":false,"validated":false,"displayInChild":false,"restricted":false},"parameters":{"type":"object","description":"caller defined properties","placeholder":"Put a value here","is_array":false,"required":false,"hidden":false,"readonly":false,"validated":false,"displayInChild":false,"restricted":false,"properties":{"{user-defined-property}":{"description":"custom property","placeholder":"Put a value here","is_array":false,"required":false,"hidden":false,"readonly":false,"validated":false,"displayInChild":false,"restricted":false}}},"command":{"type":"string","description":"command","placeholder":"Put a value here","is_array":false,"required":false,"hidden":false,"readonly":false,"validated":false,"displayInChild":false,"restricted":false}}},"hyper_parameters_optimization":{"type":"object","description":"hyper_parameters_optimization","placeholder":"Put a value here","is_array":false,"required":false,"hidden":false,"readonly":false,"validated":false,"displayInChild":false,"restricted":false,"properties":{"method":{"type":"object","description":"method","placeholder":"Put a value here","is_array":false,"required":true,"hidden":false,"readonly":false,"validated":false,"displayInChild":false,"restricted":false,"properties":{"name":{"type":"string","description":"name","placeholder":"Put a value here","is_array":false,"required":false,"hidden":false,"readonly":false,"validated":false,"displayInChild":false,"restricted":false},"parameters":{"type":"object","description":"parameters","placeholder":"Put a value here","is_array":false,"required":false,"hidden":false,"readonly":false,"validated":false,"displayInChild":false,"restricted":false,"properties":{"{user-defined-property}":{"description":"custom property","placeholder":"Put a value here","is_array":false,"required":false,"hidden":false,"readonly":false,"validated":false,"displayInChild":false,"restricted":false}}}}},"hyper_parameters":{"type":"object","description":"hyper parameters","placeholder":"Put a value here","is_array":true,"required":false,"hidden":false,"readonly":false,"validated":false,"displayInChild":false,"restricted":false,"properties":{"name":{"type":"string","description":"name","placeholder":"Put a value here","is_array":false,"required":true,"hidden":false,"readonly":false,"validated":false,"displayInChild":false,"restricted":false},"items":{"type":"object","description":"items","placeholder":"Put a value here","is_array":false,"required":true,"hidden":false,"readonly":false,"validated":false,"displayInChild":false,"restricted":false,"properties":{"{user-defined-property}":{"description":"items can have values as vector of string,int or double. items can have min, max, step and power for IntRange and Double Range.","placeholder":"Put a value here","is_array":false,"required":false,"hidden":false,"readonly":false,"validated":false,"displayInChild":false,"restricted":false}}}}}}}}}},"localized_metadata_attributes":{"name":{"de":"Experiment","default":"Experiment","en":"Experiment","es":"Experimento","fr":"Expérimentation","it":"Esperimento","ja":"エクスペリメント","ko":"실험","pt-BR":"Experimento","sv":"Experiment","zh-Hans":"试验","zh-Hant":"實驗"}},"global_search_searchable":[],"attribute_only":false,"is_column_custom_attribute":false,"can_have_image":false,"version":2,"name":"wml_experiment","scope":"GLOBAL","allow_decorators":true}