{"metadata":{"asset_id":"2a3a734f-5453-426d-9378-30bebda8f70d","asset_attributes":["data_asset"],"name":"llm_out.csv","asset_type":"data_asset","created_at":"2024-06-14T12:29:42Z","origin_country":"us","owner_id":"1000331009","project_id":"273dfed8-a1a4-427a-9640-9a17f3c6247d","size":6845,"usage":{"last_update_time":1718368182641,"last_updated_at":"2024-06-14T12:29:42Z"}},"entity":{"data_asset":{"mime_type":"text/csv","dataset":false}},"attachments":[{"id":"b684d583-8ae8-4d5f-9df0-fa1c6d6dbe26","version":2,"asset_type":"data_asset","name":"llm_out.csv","mime":"text/csv","datasource_type":"81bafdbd-b7c6-45c5-a4fd-6ec135f66f4e","object_key":"data_asset/llm_out.csv","creator_id":"icp4d-dev","create_time":1718368182526,"size":6845,"is_remote":false,"is_managed":false,"is_referenced":true,"is_object_key_read_only":true,"is_user_provided_path_key":true,"transfer_complete":true,"is_partitioned":false,"complete_time_ticks":1718368182526,"user_data":{},"test_doc":0,"handle":{"type":"assetfiles","key":"data_asset/llm_out.csv","upload_id":"done","max_part_num":1},"usage":{"access_count":0,"last_accessor_id":"icp4d-dev","last_access_time":1718368182526}}]}