{"metadata":{"asset_id":"a55c90b1-9edb-484f-923f-1d2201cefab5","asset_attributes":["data_asset"],"name":"llm_out.csv","asset_type":"data_asset","created_at":"2024-09-10T12:45:18Z","origin_country":"us","owner_id":"1000330999","project_id":"5e1a7402-2f3b-4bff-9b5a-cd65ac20c067","size":6845,"usage":{"last_update_time":1725972320560,"last_updated_at":"2024-09-10T12:45:20Z"}},"entity":{"data_asset":{"mime_type":"text/csv","dataset":false}},"attachments":[{"id":"bb68aaa0-f18e-402a-a11a-e8293aacfe79","version":2,"asset_type":"data_asset","name":"llm_out.csv","mime":"text/csv","datasource_type":"81bafdbd-b7c6-45c5-a4fd-6ec135f66f4e","object_key":"data_asset/llm_out.csv","creator_id":"icp4d-dev","create_time":1725972319433,"size":6845,"is_remote":false,"is_managed":false,"is_referenced":true,"is_object_key_read_only":true,"is_user_provided_path_key":true,"transfer_complete":true,"is_partitioned":false,"complete_time_ticks":1725972319433,"user_data":{},"test_doc":0,"handle":{"type":"assetfiles","key":"data_asset/llm_out.csv","upload_id":"done","max_part_num":1},"usage":{"access_count":0,"last_accessor_id":"icp4d-dev","last_access_time":1725972319433}}]}