{"metadata":{"asset_id":"0088af71-e383-4831-b72e-d7aa8d155cad","asset_attributes":["data_asset"],"name":"llm_out.csv","asset_type":"data_asset","created_at":"2024-04-03T14:38:28Z","origin_country":"us","owner_id":"1000331091","project_id":"08c9ca21-e249-4493-a488-f464882ef5d3","size":6845,"usage":{"last_update_time":1712155108262,"last_updated_at":"2024-04-03T14:38:28Z"}},"entity":{"data_asset":{"mime_type":"text/csv","dataset":false}},"attachments":[{"id":"8f4a4cb5-66db-41ae-89cf-34ffce656728","version":2,"asset_type":"data_asset","name":"llm_out.csv","mime":"text/csv","datasource_type":"81bafdbd-b7c6-45c5-a4fd-6ec135f66f4e","object_key":"data_asset/llm_out.csv","creator_id":"1000331091","create_time":1712155108294,"size":6845,"is_remote":false,"is_managed":false,"is_referenced":true,"is_object_key_read_only":true,"is_user_provided_path_key":true,"transfer_complete":true,"is_partitioned":false,"complete_time_ticks":1712155108294,"user_data":{},"test_doc":0,"handle":{"type":"assetfiles","key":"data_asset/llm_out.csv","upload_id":"done","max_part_num":1},"usage":{"access_count":0,"last_accessor_id":"1000331091","last_access_time":1712155108294}}]}