{"metadata":{"asset_id":"462bc6e5-e4cc-4890-8d79-3629f4c0235a","asset_attributes":["notebook"],"name":"LLM Metrics Evals-Azure-OpenAI-OpenPages-wxlab","asset_type":"notebook","created_at":"2024-06-14T12:29:42Z","description":"","origin_country":"us","owner_id":"1000331009","project_id":"273dfed8-a1a4-427a-9640-9a17f3c6247d","size":952808,"tags":["notebook"],"usage":{"last_update_time":1718368295093,"last_updated_at":"2024-06-14T12:31:35Z"}},"entity":{"notebook":{"kernel":{"name":"python3","display_name":"Python 3.10","language":"python"},"originates_from":{"type":"file"},"runtime":{"environment":"rt231py-273dfed8-a1a4-427a-9640-9a17f3c6247d"}}},"attachments":[{"id":"4b20b818-9bf0-40af-96c5-735efc9f9fae","version":2,"asset_type":"notebook","name":"attachment for notebook 462bc6e5-e4cc-4890-8d79-3629f4c0235a","description":"attachment for notebook 462bc6e5-e4cc-4890-8d79-3629f4c0235a","mime":"application/json","datasource_type":"81bafdbd-b7c6-45c5-a4fd-6ec135f66f4e","object_key":"notebook/LLM_Metrics_Evals-Azure-OpenAI-OpenPages-wxlab_qeKhmQgUP.ipynb","creator_id":"1000331009","create_time":1718368183025,"size":952808,"is_remote":false,"is_managed":false,"is_referenced":true,"is_object_key_read_only":false,"is_user_provided_path_key":true,"transfer_complete":true,"is_partitioned":false,"complete_time_ticks":1718368183025,"user_data":{},"test_doc":0,"handle":{"type":"assetfiles","key":"notebook/LLM_Metrics_Evals-Azure-OpenAI-OpenPages-wxlab_qeKhmQgUP.ipynb","upload_id":"done","max_part_num":1},"usage":{"access_count":1,"last_accessor_id":"1000331009","last_access_time":1718368295091,"last_updater_id":"1000331009","last_update_time":1718368295091}}]}