{"metadata":{"asset_id":"2f235679-9282-48a3-82fb-4e2377c62327","asset_attributes":["notebook"],"name":"LLM Metrics Evals-Azure-OpenAI-OpenPages-wxlab","asset_type":"notebook","created_at":"2024-04-03T14:39:24Z","description":"","origin_country":"us","owner_id":"1000331091","project_id":"08c9ca21-e249-4493-a488-f464882ef5d3","size":952836,"tags":["notebook"],"usage":{"last_update_time":1712174519184,"last_updated_at":"2024-04-03T20:01:59Z"}},"entity":{"notebook":{"kernel":{"name":"python3","display_name":"Python 3.10","language":"python"},"originates_from":{"type":"file"},"runtime":{"environment":"rt231py-08c9ca21-e249-4493-a488-f464882ef5d3"}}},"attachments":[{"id":"535875bb-f0b9-4ca4-ad2e-5b76cf168182","version":2,"asset_type":"notebook","name":"attachment for notebook 2f235679-9282-48a3-82fb-4e2377c62327","description":"attachment for notebook 2f235679-9282-48a3-82fb-4e2377c62327","mime":"application/json","datasource_type":"81bafdbd-b7c6-45c5-a4fd-6ec135f66f4e","object_key":"notebook/LLM_Metrics_Evals-Azure-OpenAI-OpenPages-wxlab_qeKhmQgUP.ipynb","creator_id":"1000331091","create_time":1712155164975,"size":952836,"is_remote":false,"is_managed":false,"is_referenced":true,"is_object_key_read_only":false,"is_user_provided_path_key":true,"transfer_complete":true,"is_partitioned":false,"complete_time_ticks":1712155164975,"user_data":{},"test_doc":0,"handle":{"type":"assetfiles","key":"notebook/LLM_Metrics_Evals-Azure-OpenAI-OpenPages-wxlab_qeKhmQgUP.ipynb","upload_id":"done","max_part_num":1},"usage":{"access_count":34,"last_accessor_id":"1000331091","last_access_time":1712174519183,"last_updater_id":"1000331091","last_update_time":1712174519183}}]}