{"metadata":{"asset_id":"9b8ed27f-6ad3-4ab6-a160-c200ccd0e914","asset_attributes":["notebook"],"name":"LLM Metrics Evals-Azure-OpenAI-OpenPages-wxlab","asset_type":"notebook","created_at":"2024-09-10T12:45:22Z","description":"","origin_country":"us","owner_id":"1000330999","project_id":"5e1a7402-2f3b-4bff-9b5a-cd65ac20c067","size":952872,"tags":["notebook"],"usage":{"last_update_time":1725978548957,"last_updated_at":"2024-09-10T14:29:08Z"}},"entity":{"notebook":{"kernel":{"name":"python3","display_name":"Python 3.10","language":"python"},"originates_from":{"type":"file"},"runtime":{"environment":"rt231py-5e1a7402-2f3b-4bff-9b5a-cd65ac20c067"}}},"attachments":[{"id":"4357d04f-92ed-4a28-9733-14414159c1e8","version":2,"asset_type":"notebook","name":"attachment for notebook 9b8ed27f-6ad3-4ab6-a160-c200ccd0e914","description":"attachment for notebook 9b8ed27f-6ad3-4ab6-a160-c200ccd0e914","mime":"application/json","datasource_type":"81bafdbd-b7c6-45c5-a4fd-6ec135f66f4e","object_key":"notebook/LLM_Metrics_Evals-Azure-OpenAI-OpenPages-wxlab_qeKhmQgUP.ipynb","creator_id":"1000330999","create_time":1725972323473,"size":952872,"is_remote":false,"is_managed":false,"is_referenced":true,"is_object_key_read_only":false,"is_user_provided_path_key":true,"transfer_complete":true,"is_partitioned":false,"complete_time_ticks":1725972323473,"user_data":{},"test_doc":0,"handle":{"type":"assetfiles","key":"notebook/LLM_Metrics_Evals-Azure-OpenAI-OpenPages-wxlab_qeKhmQgUP.ipynb","upload_id":"done","max_part_num":1},"usage":{"access_count":9,"last_accessor_id":"1000330999","last_access_time":1725978528458,"last_updater_id":"1000330999","last_update_time":1725978528458}}]}